version,submission_id,ep,seat,mine,opp,margin,res,oppR,myR,time,first_shop
v24,56526171,112933925,0,166831,81541,85290,W,520.6,600,2026-09-24T16:25:01.572610Z,SMOOTHIE_SHOP
v24,56526171,112935055,0,117120,69270,47850,W,600.5,805.6,2026-09-24T16:29:01.226740200Z,PET_CAFE
v24,56526171,112936216,1,116742,103295,13447,W,720.9,686.5,2026-09-24T16:33:02.859424600Z,PIZZA_SHOP
v24,56526171,112937355,0,82221,77598,4623,W,861.3,861.9,2026-09-24T16:37:06.189337700Z,BAKERY
v24,56526171,112937376,0,73322,81381,-8059,L,932.0,954.3,2026-09-24T16:37:06.250301200Z,PET_CAFE
v24,56526171,112938532,1,78132,76332,1800,W,877.0,838.8,2026-09-24T16:41:07.792375100Z,BAKERY
v24,56526171,112939762,0,73792,113925,-40133,L,974.8,945.8,2026-09-24T16:45:01.073170800Z,PIZZA_SHOP
v24,56526171,112940972,0,62173,81169,-18996,L,894.3,882.0,2026-09-24T16:49:00.877660200Z,SMOOTHIE_SHOP
v24,56526171,112942181,0,129420,127336,2084,W,879.8,811.4,2026-09-24T16:53:00.429986200Z,BRUNCH_SPOT
v24,56526171,112943368,0,79533,101146,-21613,L,773.7,886.9,2026-09-24T16:57:05.655918600Z,BRUNCH_SPOT
v24,56526171,112944593,1,120391,111122,9269,W,785.9,816.2,2026-09-24T17:01:12.257797100Z,SMOOTHIE_SHOP
v24,56526171,112945791,1,86797,98037,-11240,L,924.8,854.6,2026-09-24T17:05:01.221113100Z,PET_CAFE
v24,56526171,112946934,0,100714,112673,-11959,L,830.2,825.7,2026-09-24T17:09:05.544604100Z,FARMERS_MARKET
v24,56526171,112948142,1,104532,94842,9690,W,878.5,792.5,2026-09-24T17:13:00.964447800Z,YARN_STORE
v24,56526171,112949302,1,86816,96137,-9321,L,903.0,832.0,2026-09-24T17:17:00.251654700Z,BRUNCH_SPOT
v24,56526171,112950473,0,89937,71118,18819,W,743.9,811.2,2026-09-24T17:21:06.858315900Z,FARMERS_MARKET
v24,56526171,112951669,0,63706,56531,7175,W,735.2,830.7,2026-09-24T17:25:02.046662200Z,PET_CAFE
v24,56526171,112952948,1,84960,77184,7776,W,939.7,846.7,2026-09-24T17:29:07.032504900Z,PIZZA_SHOP
v24,56526171,112954211,1,136076,114455,21621,W,885.9,875.9,2026-09-24T17:33:01.676873200Z,SMOOTHIE_SHOP
v24,56526171,112955480,0,117275,114667,2608,W,859.9,896.5,2026-09-24T17:37:02.859672200Z,ICE_CREAM_SHOP
v24,56526171,112956605,1,83898,73703,10195,W,935.0,912.7,2026-09-24T17:41:09.000089800Z,YARN_STORE
v24,56526171,112957717,0,107176,112092,-4916,L,899.9,931.6,2026-09-24T17:45:08.372932Z,FARMERS_MARKET
v24,56526171,112957856,0,87672,92288,-4616,L,950.1,915.1,2026-09-24T17:45:08.855946Z,BAKERY
v24,56526171,112959102,1,71203,76051,-4848,L,828.4,901.4,2026-09-24T17:49:02.873089200Z,PET_CAFE
v24,56526171,112960371,0,130231,127301,2930,W,847.2,882.4,2026-09-24T17:53:02.934416700Z,PIZZA_SHOP
v24,56526171,112961611,0,73504,82078,-8574,L,845.8,894.8,2026-09-24T17:57:03.820171400Z,FARMERS_MARKET
v24,56526171,112962797,1,57642,48522,9120,W,956.2,878.9,2026-09-24T18:01:06.943538Z,YARN_STORE
v24,56526171,112964017,1,98424,89660,8764,W,968.2,895.4,2026-09-24T18:05:01.836949800Z,BRUNCH_SPOT
v24,56526171,112965198,1,64856,80977,-16121,L,895.6,910.8,2026-09-24T18:09:06.982003800Z,PET_CAFE
v24,56526171,112966423,0,67209,97084,-29875,L,923.4,898.6,2026-09-24T18:18:24.789778300Z,ICE_CREAM_SHOP
v24,56526171,112967574,1,75231,89014,-13783,L,810.0,888.5,2026-09-24T18:22:02.650508600Z,SMOOTHIE_SHOP
v24,56526171,112968855,1,63939,81308,-17369,L,870.1,874.7,2026-09-24T18:26:07.580032900Z,ICE_CREAM_SHOP
v24,56526171,112970004,1,106373,106972,-599,L,840.4,864.3,2026-09-24T18:30:02.173108Z,ICE_CREAM_SHOP
v24,56526171,112975855,1,89922,105681,-15759,L,772.0,853.7,2026-09-24T18:50:05.339035900Z,SMOOTHIE_SHOP
v24,56526171,112996727,0,85364,83508,1856,W,831.5,841.2,2026-09-24T20:02:05.687940200Z,FARMERS_MARKET
v24,56526171,113020791,1,94093,70829,23264,W,766.7,850.0,2026-09-24T21:26:04.090314Z,FARMERS_MARKET
v24,56526171,113048269,0,42620,62724,-20104,L,934.3,856.4,2026-09-24T23:02:01.844919Z,PET_CAFE
v25,56534837,113069138,0,125261,85394,39867,W,624.1,600,2026-09-25T00:14:02.011245100Z,PIZZA_SHOP
v25,56534837,113070310,0,123401,114990,8411,W,666.9,716.0,2026-09-25T00:18:03.896901900Z,YARN_STORE
v25,56534837,113071423,0,109818,86273,23545,W,643.1,810.7,2026-09-25T00:22:00.784087200Z,PET_CAFE
v25,56534837,113072548,1,101104,98256,2848,W,828.8,875.3,2026-09-25T00:26:00.829209100Z,BRUNCH_SPOT
v25,56534837,113073661,1,87969,106641,-18672,L,935.3,970.7,2026-09-25T00:30:01.280842800Z,BRUNCH_SPOT
v25,56534837,113074883,0,67699,86963,-19264,L,929.9,851.2,2026-09-25T00:34:01.048369Z,PIZZA_SHOP
v25,56534837,113076055,0,92106,93229,-1123,L,750.2,775.1,2026-09-25T00:38:04.540321200Z,PIZZA_SHOP
v25,56534837,113077293,0,84710,70788,13922,W,654.0,684.7,2026-09-25T00:42:02.181204500Z,PET_CAFE
v25,56534837,113078407,1,112700,95978,16722,W,686.0,750.5,2026-09-25T00:46:01.583209500Z,YARN_STORE
v25,56534837,113079564,1,80747,52589,28158,W,814.0,799.9,2026-09-25T00:50:01.304458600Z,YARN_STORE
v24,56526171,113079948,1,68763,62553,6210,W,831.9,851.3,2026-09-25T00:50:02.040581100Z,PET_CAFE
v25,56534837,113080741,1,63481,55412,8069,W,865.0,854.1,2026-09-25T00:54:04.613924900Z,PET_CAFE
v25,56534837,113082035,1,67618,78306,-10688,L,868.4,899.7,2026-09-25T00:58:02.817411700Z,FARMERS_MARKET
v25,56534837,113083173,1,96010,85440,10570,W,857.9,857.4,2026-09-25T01:02:01.477908500Z,PIZZA_SHOP
v25,56534837,113084434,1,77702,90390,-12688,L,905.0,891.1,2026-09-25T01:06:02.502665800Z,FARMERS_MARKET
v25,56534837,113085625,1,86533,76313,10220,W,886.8,862.4,2026-09-25T01:10:01.116901400Z,BRUNCH_SPOT
v24,56526171,113086606,1,79928,69635,10293,W,909.6,859.2,2026-09-25T01:14:00.505548200Z,YARN_STORE
v25,56534837,113086806,0,61455,80618,-19163,L,924.1,892.0,2026-09-25T01:14:00.818623200Z,PET_CAFE
v25,56534837,113087985,0,117213,130113,-12900,L,962.8,869.8,2026-09-25T01:18:03.195832800Z,FARMERS_MARKET
v25,56534837,113089149,0,72683,97222,-24539,L,935.2,853.7,2026-09-25T01:22:05.473866700Z,BRUNCH_SPOT
v25,56534837,113090293,1,95976,73576,22400,W,843.1,838.0,2026-09-25T01:26:01.521234900Z,YARN_STORE
v25,56534837,113091535,1,131763,128859,2904,W,831.4,858.5,2026-09-25T01:30:01.981278600Z,ICE_CREAM_SHOP
v25,56534837,113092653,0,98802,77872,20930,W,825.9,875.6,2026-09-25T01:34:02.941165800Z,YARN_STORE
v25,56534837,113093815,1,86023,86915,-892,L,936.7,890.2,2026-09-25T01:38:03.096383500Z,BAKERY
v25,56534837,113094989,1,88646,88670,-24,L,902.5,876.1,2026-09-25T01:42:01.505872600Z,BRUNCH_SPOT
v25,56534837,113096159,1,72007,81935,-9928,L,846.5,861.7,2026-09-25T01:46:01.128895400Z,BAKERY
v25,56534837,113097341,1,64295,63059,1236,W,860.8,845.9,2026-09-25T01:50:01.306158500Z,PIZZA_SHOP
v25,56534837,113098528,0,89524,77407,12117,W,853.6,860.9,2026-09-25T01:54:06.635961600Z,PET_CAFE
v25,56534837,113099697,0,111725,104154,7571,W,893.4,874.1,2026-09-25T01:58:09.104370400Z,BRUNCH_SPOT
v25,56534837,113100901,0,122048,117656,4392,W,916.1,887.9,2026-09-25T02:02:01.988516100Z,YARN_STORE
v25,56534837,113102011,1,102752,127763,-25011,L,897.8,901.5,2026-09-25T02:06:01.016213900Z,SMOOTHIE_SHOP
v25,56534837,113103177,1,115755,92822,22933,W,908.6,889.6,2026-09-25T02:10:00.705236800Z,YARN_STORE
v25,56534837,113104323,0,54521,41931,12590,W,833.7,901.6,2026-09-25T02:14:01.249478300Z,PIZZA_SHOP
v25,56534837,113105593,1,133506,138347,-4841,L,836.6,910.0,2026-09-25T02:18:03.616257400Z,ICE_CREAM_SHOP
v25,56534837,113106812,0,96012,104948,-8936,L,945.6,896.6,2026-09-25T02:22:01.302606500Z,BRUNCH_SPOT
v25,56534837,113107845,0,65062,68557,-3495,L,838.3,888.2,2026-09-25T02:26:00.875216400Z,ICE_CREAM_SHOP
v25,56534837,113109183,1,132732,103777,28955,W,941.7,876.7,2026-09-25T02:30:02.228715Z,YARN_STORE
v25,56534837,113115267,0,95716,102398,-6682,L,915.7,888.4,2026-09-25T02:50:02.643689Z,ICE_CREAM_SHOP
v24,56526171,113121975,1,85662,106494,-20832,L,877.0,866.4,2026-09-25T03:14:02.045844700Z,BRUNCH_SPOT
v25,56534837,113135270,0,57362,67961,-10599,L,897.8,880.2,2026-09-25T03:58:05.726597700Z,PET_CAFE
v24,56526171,113160648,0,59178,65581,-6403,L,857.6,858.7,2026-09-25T05:26:06.887143Z,FARMERS_MARKET
v25,56534837,113161830,0,87796,97495,-9699,L,826.6,872.0,2026-09-25T05:30:01.885304300Z,PIZZA_SHOP
v24,56526171,113181982,1,61964,102195,-40231,L,918.3,856.1,2026-09-25T06:42:05.227744900Z,BAKERY
v24,56526171,113182068,1,108929,86858,22071,W,778.9,850.8,2026-09-25T06:42:05.385415Z,SMOOTHIE_SHOP
v25,56534837,113193515,0,96180,129885,-33705,L,916.7,862.1,2026-09-25T07:22:04.241931200Z,BRUNCH_SPOT
v24,56526171,113204097,1,95253,136863,-41610,L,965.1,851.0,2026-09-25T07:58:08.785678700Z,PIZZA_SHOP
v25,56534837,113230583,1,62577,66697,-4120,L,858.7,856.8,2026-09-25T09:26:07.587976Z,BAKERY
v24,56526171,113252504,1,54046,47376,6670,W,808.6,847.1,2026-09-25T10:42:21.600245900Z,BAKERY
v25,56534837,113260806,0,81591,60803,20788,W,732.8,848.8,2026-09-25T11:10:08.044235600Z,BRUNCH_SPOT
v24,56526171,113261164,1,111023,129692,-18669,L,998.5,853.4,2026-09-25T11:14:06.043151500Z,SMOOTHIE_SHOP
v25,56534837,113275257,1,98213,135093,-36880,L,807.5,853.6,2026-09-25T12:02:17.657115100Z,ICE_CREAM_SHOP
v25,56534837,113295219,1,94333,114149,-19816,L,868.3,847.2,2026-09-25T13:10:17.600793100Z,PIZZA_SHOP
v25,56534837,113298617,0,103340,140065,-36725,L,863.7,841.1,2026-09-25T13:22:22.823897200Z,FARMERS_MARKET
v24,56526171,113303790,1,113604,98928,14676,W,843.8,850.0,2026-09-25T13:38:21.633238500Z,BRUNCH_SPOT
v24,56526171,113344357,0,93977,97533,-3556,L,812.7,856.7,2026-09-25T15:58:49.731417400Z,FARMERS_MARKET
v25,56534837,113348412,0,94953,111929,-16976,L,813.4,835.9,2026-09-25T16:10:48.332787Z,ICE_CREAM_SHOP
v25,56534837,113355930,0,107389,173713,-66324,L,1159.0,828.0,2026-09-25T16:38:50.618134800Z,YARN_STORE
v24,56526171,113359465,0,72107,94711,-22604,L,948.2,850.1,2026-09-25T16:50:46.331491300Z,BRUNCH_SPOT
v24,56526171,113363436,1,121600,155621,-34021,L,769.0,846.3,2026-09-25T17:02:49.702821300Z,YARN_STORE
v25,56534837,113389312,1,100866,114453,-13587,L,853.3,826.4,2026-09-25T18:32:12.533769100Z,SMOOTHIE_SHOP
v24,56526171,113389814,1,64223,97754,-33531,L,841.9,838.0,2026-09-25T18:36:18.644267Z,PIZZA_SHOP
v25,56534837,113414860,1,85814,96795,-10981,L,763.8,820.0,2026-09-25T20:05:02.762083500Z,FARMERS_MARKET
v24,56526171,113445007,1,132506,135790,-3284,L,791.9,833.2,2026-09-25T21:52:14.584295200Z,YARN_STORE
v25,56534837,113457377,1,114957,69267,45690,W,825.9,811.6,2026-09-25T22:36:33.838064700Z,FARMERS_MARKET
v25,56534837,113480678,0,105604,87493,18111,W,749.8,817.9,2026-09-25T23:59:06.330079100Z,PET_CAFE
v25,56534837,113484802,1,75932,118179,-42247,L,815.6,822.9,2026-09-26T00:15:02.711940500Z,SMOOTHIE_SHOP
v25,56534837,113488361,1,46790,75388,-28598,L,920.5,818.0,2026-09-26T00:27:03.248066800Z,PET_CAFE
v24,56526171,113502822,1,159535,142232,17303,W,830.7,825.8,2026-09-26T01:15:03.403856700Z,ICE_CREAM_SHOP
v24,56526171,113521713,1,75939,102544,-26605,L,833.3,832.1,2026-09-26T02:19:33.664086900Z,ICE_CREAM_SHOP
v25,56534837,113522404,0,72678,113214,-40536,L,992.8,814.5,2026-09-26T02:23:35.340695200Z,YARN_STORE
v24,56526171,113536426,0,46409,77311,-30902,L,607.1,826.1,2026-09-26T03:11:32.415204200Z,BAKERY
v25,56534837,113567611,1,73517,60860,12657,W,711.0,811.8,2026-09-26T04:55:33.896903500Z,BAKERY
v24,56526171,113599241,0,46420,66469,-20049,L,783.4,818.3,2026-09-26T06:44:48.828103900Z,BAKERY
v25,56534837,113624266,1,134817,115152,19665,W,826.4,815.7,2026-09-26T08:12:40.690356100Z,SMOOTHIE_SHOP
v24,56526171,113636334,1,76879,103640,-26761,L,990.0,811.9,2026-09-26T08:56:56.500801300Z,BAKERY
v25,56534837,113686169,0,138225,150301,-12076,L,849.7,822.0,2026-09-26T11:44:49.648315600Z,BRUNCH_SPOT
v24,56526171,113702642,1,50763,54062,-3299,L,780.8,809.4,2026-09-26T12:40:50.792666100Z,BAKERY
v25,56534837,113712605,1,56408,97814,-41406,L,955.2,816.6,2026-09-26T13:16:50.461762500Z,SMOOTHIE_SHOP
v24,56526171,113721995,1,66280,102681,-36401,L,967.4,803.1,2026-09-26T13:48:47.326954600Z,FARMERS_MARKET
v25,56534837,113737809,0,71666,92792,-21126,L,744.9,813.7,2026-09-26T14:40:52.300391100Z,PET_CAFE
v24,56526171,113765590,1,95643,91519,4124,W,641.6,800.6,2026-09-26T16:16:50.685311Z,PET_CAFE
v25,56534837,113803685,0,86868,104364,-17496,L,815.2,806.4,2026-09-26T18:24:48.198071100Z,SMOOTHIE_SHOP
v24,56526171,113834800,1,62976,49869,13107,W,756.5,803.2,2026-09-26T20:04:49.804269Z,BAKERY
v24,56526171,113841948,0,90571,108269,-17698,L,823.7,807.7,2026-09-26T20:28:45.988236400Z,PET_CAFE
v24,56526171,113851619,0,64061,38813,25248,W,799.7,802.7,2026-09-26T21:00:47.899066700Z,BAKERY
v25,56534837,113874157,1,96522,125326,-28804,L,826.2,800.8,2026-09-26T22:13:16.043823100Z,SMOOTHIE_SHOP
v24,56526171,113926615,1,105319,120495,-15176,L,833.5,807.7,2026-09-27T00:57:16.158390400Z,PET_CAFE
v24,56526171,113933187,0,81737,98714,-16977,L,796.0,803.0,2026-09-27T01:17:17.000778300Z,FARMERS_MARKET
v25,56534837,113948976,1,68670,69724,-1054,L,782.4,795.8,2026-09-27T02:05:17.396131800Z,ICE_CREAM_SHOP
v24,56526171,113956914,0,97436,105076,-7640,L,830.8,797.8,2026-09-27T02:29:16.232691200Z,ICE_CREAM_SHOP
v25,56534837,113971354,1,133480,148220,-14740,L,781.2,790.0,2026-09-27T03:13:17.007312900Z,ICE_CREAM_SHOP
v25,56534837,113976612,0,53109,39883,13226,W,741.9,784.5,2026-09-27T03:29:20.103605900Z,FARMERS_MARKET
v24,56526171,114021222,1,127226,114777,12449,W,836.8,793.4,2026-09-27T05:45:21.795706300Z,SMOOTHIE_SHOP
v25,56534837,114033655,0,57483,140303,-82820,L,799.7,789.0,2026-09-27T06:21:19.957548300Z,PET_CAFE
v24,56526171,114040804,1,66880,100992,-34112,L,988.2,798.8,2026-09-27T06:41:18.626978100Z,PIZZA_SHOP
v25,56534837,114077614,0,114502,109713,4789,W,790.6,785.2,2026-09-27T08:21:17.198579Z,BRUNCH_SPOT
v25,56534837,114082983,0,52403,110883,-58480,L,679.7,790.3,2026-09-27T08:37:17.849628800Z,PET_CAFE
v25,56534837,114096150,1,95917,142718,-46801,L,791.5,785.4,2026-09-27T09:13:39.510206Z,BRUNCH_SPOT
v24,56526171,114123817,0,84015,107758,-23743,L,752.8,796.8,2026-09-27T10:29:16.499215400Z,FARMERS_MARKET
v24,56526171,114129631,0,57641,91235,-33594,L,820.5,792.8,2026-09-27T10:45:24.221757800Z,PET_CAFE
v24,56526171,114142739,1,81561,116936,-35375,L,911.7,789.6,2026-09-27T11:21:15.635614500Z,ICE_CREAM_SHOP
v25,56534837,114185210,1,59617,92443,-32826,L,831.9,781.4,2026-09-27T13:17:22.828014500Z,BAKERY
v24,56526171,114237272,0,60955,71474,-10519,L,781.3,787.1,2026-09-27T15:37:25.600401300Z,FARMERS_MARKET
