submission_id,date_utc,label,name,phase,public_score
55638149,2026-08-20 04:41,v1,Baseline v1,I rules,275.9
55638601,2026-08-20 05:14,v2,v2,I rules,426.3
55639781,2026-08-20 06:28,v3,v3,I rules,396.0
55640409,2026-08-20 07:01,v3_fix,v3_fix,I rules,536.9
55651092,2026-08-20 17:16,v4,v4,I rules,648.6
55660483,2026-08-21 04:27,v5,v5,I rules,682.0
55662263,2026-08-21 06:22,v6,v6,I rules,675.7
55726826,2026-08-23 22:55,v7,v7,I rules,670.1
55849837,2026-08-28 17:13,v8,v8,II hierarchical RL,700.7
55852631,2026-08-28 20:06,v8.1,v8.1,II hierarchical RL,667.8
55857659,2026-08-29 02:21,v8.2,v8.2,II hierarchical RL,692.8
55885059,2026-08-30 07:41,v8.3,v8.3,II hierarchical RL,714.3
55900691,2026-08-30 22:01,v9,v9,II hierarchical RL,706.3
55934276,2026-09-01 07:00,v10,ppo_v10,II hierarchical RL,693.0
55970031,2026-09-02 23:31,v11,v11_rule,III execution,718.5
56007154,2026-09-04 06:46,v12,v12,III execution,694.7
56108752,2026-09-08 23:37,v13,v13-p4r-diagnostic,IV instrumented,739.9
56151153,2026-09-10 20:20,v14a (opening),v14 candidate,IV instrumented,672.5
56160828,2026-09-11 07:05,v13 (resubmit),Resubmit v13,IV instrumented,707.6
56189961,2026-09-12 17:09,v13_fix,v13_fix,IV instrumented,710.5
56199103,2026-09-13 04:41,v14,v14_berry_plan,IV instrumented,741.2
56202477,2026-09-13 07:54,v15,v15_dated_impact,IV instrumented,733.8
56235433,2026-09-14 16:34,v16,v16_herd_rush,IV instrumented,718.6
56247731,2026-09-15 06:35,v17,v17_herd_rush_cash,IV instrumented,760.1
56262679,2026-09-15 21:12,v18a (combo),v18_adaptive_combo,IV instrumented,754.9
56263824,2026-09-15 23:02,v18,v18_adaptive_late_wheat,IV instrumented,725.1
56338370,2026-09-18 19:08,v19,v19_prio_due,IV instrumented,756.5
56364468,2026-09-19 15:59,v20,v20_unload_early,IV instrumented,747.6
56472741,2026-09-22 19:34,v21,v21_lead2_fert_water,IV instrumented,710.4
56482970,2026-09-23 04:48,v22,v22_noland3,IV instrumented,720.7
56504715,2026-09-23 22:17,v23,v23_margin_herd,IV instrumented,751.9
56526171,2026-09-24 16:20,v24,v24_room_defer,IV instrumented,756.4
56534837,2026-09-25 00:08,v25,v25_carrot,IV instrumented,747.7
