seed,n,m,b,tiles,pairs,matched,total_path_score,top_path_score,top_path_length,top_path_bonus,moves,score,construction_matched,construction_path_score,construction_score,hidden_matched,hidden_path_score,hidden_moves,hidden_score,runtime_ms
1,3,4,1,19,15,13,84,30,15,1,11,520,11,54,66,15,83,25,0,9538
2,20,1,2,1141,117,90,4694,2086,1043,1,351,390870,83,2220,173719,117,3713,1657,240552,9533
3,16,2,3,721,93,73,5399,4192,1048,3,304,349743,57,1240,61218,93,2926,1041,78492,9535
4,6,3,10,91,33,29,1976,1837,167,10,62,51910,30,870,22500,33,851,119,16302,9537
5,17,3,2,817,99,79,4782,3786,1262,2,225,324453,75,1727,104775,99,2856,1219,0,9526
6,9,2,3,217,51,34,1903,1436,359,3,121,56474,35,763,23835,51,811,338,6885,9525
7,9,3,2,217,51,37,1378,723,241,2,117,37999,36,419,8928,51,981,332,0,9522
8,16,5,8,721,93,72,9330,7511,1073,6,230,588960,64,2473,123072,93,3416,1093,0,9522
9,13,1,2,469,75,56,2926,2382,794,2,204,152432,49,982,44345,75,1718,716,75150,9522
10,16,1,1,721,93,76,3140,1746,873,1,231,221084,74,1638,113590,93,2449,1105,124992,9527
11,14,2,9,547,81,61,7827,6424,803,7,173,456341,54,1528,74520,81,2732,825,87642,9524
12,14,1,2,547,81,61,3135,2334,778,2,201,178974,56,1264,66248,81,2236,794,116802,9523
13,15,2,2,631,87,67,2652,1290,645,1,188,152492,53,1206,56498,87,2336,973,33930,9523
14,12,5,10,397,69,54,5627,4832,604,7,188,253098,51,1579,62169,69,2054,600,0,9523
15,6,5,2,91,33,26,575,438,146,2,46,8970,22,202,1694,33,407,116,0,9522
16,18,1,9,919,105,76,13965,12656,1582,7,318,1037172,67,3553,230480,105,4590,1335,341775,9522
17,16,3,3,721,93,68,5928,5260,1315,3,256,350880,57,1421,65436,93,3124,1090,0,9526
18,9,1,4,217,51,34,2124,1740,348,4,137,67558,37,589,19462,51,921,334,29937,9523
19,6,3,10,91,33,26,1710,1380,138,9,73,38766,20,290,4300,33,687,129,9900,9522
20,7,2,6,127,39,29,1640,1029,147,6,89,42398,27,430,9450,39,885,189,19773,9524
21,19,1,2,1027,111,92,6511,5151,1717,2,343,567456,90,3328,288270,111,3493,1493,222000,9526
22,19,3,10,1027,111,84,17312,15732,1748,8,316,1374576,75,1461,83250,111,4145,1546,0,9524
23,10,2,1,271,57,40,1127,522,261,1,122,35320,39,517,16497,57,979,396,10659,9522
24,20,5,5,1141,117,89,8523,6652,1663,3,274,636617,79,3485,228705,117,4392,1758,0,9527
25,11,5,7,331,63,47,4433,3934,562,6,133,177096,48,1318,46464,63,1761,490,0,9524
26,17,2,9,817,99,74,13981,12627,1403,8,232,1000258,71,3514,236146,99,5037,1163,268389,9526
27,3,1,8,19,15,13,340,261,29,8,27,4069,11,121,1177,15,222,21,3015,9521
28,11,4,1,331,63,49,899,214,214,0,93,25823,38,518,11932,63,894,514,0,9522
29,16,3,1,721,93,77,2883,1828,914,1,180,180411,73,1745,106799,93,2248,1100,0,9525
30,10,5,9,271,57,42,5233,4880,488,9,186,180726,34,743,17442,57,2178,420,4446,9524
31,19,2,2,1027,111,81,6109,5109,1703,2,287,448335,80,2275,164080,111,3743,1522,77589,9523
32,9,5,3,217,51,35,1547,1240,310,3,86,39095,38,565,12540,51,1080,317,0,9522
33,4,1,10,37,21,16,781,693,63,10,34,11952,10,132,1180,21,414,57,7497,9529
34,11,3,3,331,63,48,2718,1960,490,3,194,102528,45,953,34245,63,1735,487,17262,9523
35,5,2,2,61,27,21,368,147,49,2,43,5922,18,259,3654,27,283,87,2943,9523
36,9,2,1,217,51,44,967,632,316,1,105,33308,36,295,5940,51,601,312,0,9524
37,8,4,10,169,45,37,3234,2508,228,10,115,102638,32,987,25312,45,1257,249,11745,9523
38,15,5,8,631,87,64,7552,6768,1128,5,246,404608,65,2482,130130,87,2637,895,0,9524
39,13,3,7,469,75,66,5571,4680,585,7,169,334224,57,1411,65550,75,2296,710,12450,9522
40,7,4,7,127,39,27,1728,1408,176,7,108,34992,30,559,11370,39,709,188,0,9522
41,4,3,6,37,21,16,446,315,45,6,41,5168,13,143,806,21,172,60,0,9524
42,11,2,2,331,63,42,1658,1218,406,2,142,57708,45,561,20025,63,1075,484,6741,9523
43,17,1,10,817,99,70,12401,11568,1446,7,236,851550,70,1415,92540,99,5237,1246,395109,9524
44,17,3,5,817,99,80,8528,6798,1133,5,273,616720,74,2301,146742,99,3311,1269,0,9523
45,17,3,4,817,99,81,6318,5356,1339,3,263,447849,70,1422,79380,99,4226,1211,58707,9523
46,17,4,6,817,99,70,8516,7028,1004,6,251,525840,68,2578,149464,99,3411,1266,0,9524
47,3,2,9,19,15,13,304,234,26,8,25,3302,11,169,1639,15,192,27,2070,9522
48,15,3,9,631,87,67,7585,6104,872,6,241,459754,61,2517,136701,87,3373,920,53331,9523
49,15,5,6,631,87,68,6608,5454,909,5,219,374884,65,1746,80665,87,2935,940,0,9524
50,15,2,10,631,87,64,10224,9153,1017,8,234,624384,58,1809,94946,87,3055,937,102747,9525
51,6,5,2,91,33,20,570,495,165,2,46,6800,19,173,722,33,370,137,0,9522
52,13,1,6,469,75,61,5604,4382,626,6,187,330437,48,1112,49968,75,2028,710,98850,9522
53,4,2,5,37,21,13,382,306,51,5,43,3848,14,182,2016,21,241,57,2667,9522
54,11,3,8,331,63,44,5229,4776,597,7,161,208824,37,730,21571,63,1762,482,19908,9523
55,16,2,8,721,93,65,9614,8384,1048,7,256,591630,63,1295,71253,93,3620,1056,140244,9525
56,15,3,8,631,87,68,10680,9468,1052,8,202,685032,66,2937,176616,87,4781,941,170346,9522
57,12,3,9,397,69,52,6222,5013,557,8,176,296088,47,1272,49068,69,3604,623,119715,9525
58,4,5,5,37,21,10,438,402,67,5,22,3280,15,120,150,21,223,55,0,9524
59,12,2,5,397,69,56,4620,4014,669,5,186,237888,47,1283,54379,69,2051,600,58719,9523
60,12,4,2,397,69,53,2205,1446,482,2,125,90365,51,1255,47685,69,1612,605,0,9535
61,8,4,6,169,45,34,2010,1736,248,6,73,58412,36,359,6876,45,830,242,0,9523
62,17,5,9,817,99,75,14582,13300,1330,9,296,982650,70,2516,140770,99,4199,1240,0,9536
63,8,1,8,169,45,34,2490,2214,246,8,87,81702,33,546,16368,45,1295,235,47700,9522
64,7,3,1,127,39,31,522,146,73,1,49,11625,25,393,7500,39,427,201,0,9522
65,11,1,2,331,63,45,1763,1359,453,2,165,71910,36,733,24804,63,916,517,25137,9522
66,9,1,3,217,51,39,1621,796,199,3,114,58773,38,466,15732,51,953,344,31059,9534
67,13,3,6,469,75,53,6135,5460,780,6,197,293832,51,1257,54009,75,2116,714,0,9528
68,3,4,9,19,15,12,339,280,28,9,20,3108,10,131,910,15,218,33,1290,9522
69,20,1,3,1141,117,85,9707,8680,2170,3,329,797130,81,2994,232794,117,4323,1709,305838,9523
70,15,2,9,631,87,69,8394,6960,870,7,250,544686,64,2618,155904,87,2682,962,65946,9530
71,6,2,3,91,33,28,717,376,94,3,72,16044,24,294,5232,33,400,145,3630,9532
72,12,2,9,397,69,54,5964,5202,578,8,192,301320,51,1630,75582,69,2107,584,64791,9534
73,14,4,2,547,81,65,2466,1614,807,1,200,108290,53,1153,44573,81,1583,783,0,9522
74,17,5,1,817,99,78,3248,2042,1021,1,206,173004,68,985,30260,99,2356,1204,0,9522
75,8,2,7,169,45,32,2239,1603,229,6,71,67104,34,886,26996,45,1136,265,27270,9522
76,3,4,2,19,15,12,108,63,21,2,12,720,8,21,8,15,72,25,0,9522
77,16,2,2,721,93,67,3925,3081,1027,2,221,233361,63,1739,96957,93,2175,1027,11253,9523
78,14,2,8,547,81,53,7610,6568,821,7,225,379480,49,2418,111328,81,4051,849,190593,9523
79,17,4,7,817,99,77,9249,7656,1276,5,276,627165,72,1870,102384,99,4406,1199,0,9529
80,9,2,2,217,51,43,1238,822,274,2,115,43344,41,618,19516,51,813,321,8721,9523
81,14,3,9,547,81,60,8659,7288,911,7,248,474900,58,1801,90190,81,2539,829,4212,9525
82,20,4,10,1141,117,93,13290,10935,1215,8,325,1115070,85,3202,228990,117,6702,1735,0,9528
83,3,4,7,19,15,12,281,200,25,7,17,2556,9,142,918,15,168,29,780,9522
84,10,1,6,271,57,38,2525,1110,222,4,179,89148,31,570,16306,57,1306,401,51585,9522
85,3,5,4,19,15,11,186,140,28,4,12,1386,10,60,100,15,119,33,0,9522
86,17,3,3,817,99,76,4360,2646,882,2,262,271624,71,1522,87401,99,3100,1208,0,9525
87,20,3,2,1141,117,90,6699,5046,1682,2,296,522990,80,2651,184240,117,3935,1664,0,9523
88,3,5,4,19,15,8,172,130,26,4,15,776,8,42,0,15,108,38,0,9523
89,9,2,7,217,51,39,2910,2555,365,6,109,104988,39,437,12675,51,1334,333,34068,9522
90,19,3,3,1027,111,80,5585,2880,960,2,303,374080,65,1796,97240,111,3597,1535,0,9525
91,4,2,2,37,21,19,232,153,51,2,36,3040,16,132,1376,21,184,50,1764,9522
92,7,2,6,127,39,32,1699,1428,204,6,92,48480,27,331,7155,39,686,177,12948,9522
93,20,1,7,1141,117,88,13383,9924,1654,5,402,1142328,79,4316,332116,117,6094,1706,513396,9526
94,19,4,3,1027,111,83,8892,4836,1209,3,285,643416,78,3442,234780,111,3340,1523,0,9525
95,3,4,2,19,15,12,109,54,18,2,15,588,11,82,22,15,91,28,0,9523
96,7,3,7,127,39,32,1779,1408,176,7,90,48288,30,268,5520,39,1087,199,19110,9528
97,8,2,2,169,45,35,1046,654,218,2,110,28910,32,414,10048,45,684,276,5940,9522
98,17,4,3,817,99,75,4844,3328,832,3,220,297300,65,1499,72215,99,3173,1250,0,9523
99,5,4,5,61,27,27,700,492,82,5,48,13716,22,251,3322,27,453,86,2943,9523
100,13,2,4,469,75,55,4064,2430,486,4,281,192610,54,800,34344,75,2464,704,79200,9522
101,16,1,6,721,93,82,6536,4212,702,5,270,513812,71,2442,165927,93,3188,1099,194277,9522
102,6,4,1,91,33,24,382,178,89,1,33,6000,21,184,1260,33,325,143,0,9523
103,18,5,7,919,105,82,9386,7920,1320,5,292,649932,77,2154,122738,105,4307,1347,0,9525
104,14,1,2,547,81,63,3039,2343,781,2,172,180621,60,1337,75420,81,1715,806,73629,9522
105,11,5,10,331,63,49,6350,5870,587,9,104,285670,46,1496,56166,63,2415,503,0,9525
106,12,2,3,397,69,52,3101,2564,641,3,174,143156,48,501,17328,69,1381,594,13317,9523
107,8,4,2,169,45,29,981,744,248,2,69,20445,32,418,7104,45,578,238,0,9522
108,7,3,2,127,39,30,799,357,119,2,71,17580,28,334,6160,39,456,192,0,9522
109,12,3,4,397,69,45,2657,2120,530,3,206,91755,45,877,30690,69,1111,568,0,9530
110,20,5,3,1141,117,87,9509,8612,2153,3,300,696783,80,1124,39120,117,4260,1688,0,9523
111,14,3,8,547,81,55,7109,5502,786,6,199,358160,49,1895,82712,81,3362,811,75249,9522
112,11,3,1,331,63,46,1367,550,275,1,94,49910,44,832,28820,63,1149,509,0,9522
113,13,3,9,469,75,52,7218,5870,587,9,195,344916,52,1275,55848,75,3077,697,73950,9523
114,5,2,3,61,27,21,470,356,89,3,51,7728,17,183,2363,27,241,95,1377,9523
115,20,3,7,1141,117,89,14284,7812,1116,6,284,1195448,81,4744,358992,117,9514,1752,498186,9524
116,4,3,5,37,21,21,443,348,58,5,25,7728,21,352,6132,21,246,48,2142,9521
117,10,1,2,271,57,47,1668,1245,415,2,136,72004,37,785,27417,57,994,422,32604,9523
118,3,2,1,19,15,15,88,26,13,1,21,690,12,41,132,15,78,21,540,9522
119,16,3,7,721,93,68,9835,8400,1050,7,253,617168,65,2320,133055,93,3731,1080,45663,9522
120,11,2,3,331,63,49,2761,2344,586,3,195,116179,38,693,23142,63,1376,527,20286,9522
121,18,3,4,919,105,84,8972,7170,1434,4,292,680064,80,3564,255360,105,5169,1333,122850,9524
122,6,4,8,91,33,28,1246,912,114,7,65,27608,21,278,3066,33,749,134,7029,9522
123,20,3,8,1141,117,90,14886,12728,1591,7,355,1243890,87,3485,272136,117,6402,1692,155142,9524
124,8,4,3,169,45,37,1259,940,235,3,86,33855,31,256,3224,45,730,249,0,9525
125,9,1,2,217,51,43,1458,786,262,2,111,57921,43,757,30315,51,856,337,26469,9526
126,11,1,7,331,63,48,4496,3888,486,7,166,207840,41,1210,47601,63,1843,514,83727,9522
127,16,4,10,721,93,63,14534,13871,1261,10,228,858186,60,2066,102600,93,4576,1047,36084,9524
128,14,2,1,547,81,60,2372,1412,706,1,163,122760,47,636,22936,81,1732,837,4698,9523
129,9,1,8,217,51,34,3511,3186,354,8,134,114818,38,1180,42674,51,1065,318,38097,9522
130,20,2,7,1141,117,91,13354,11732,1676,6,330,1155154,85,2899,225845,117,5268,1767,202878,9522
131,5,1,4,61,27,23,558,355,71,4,57,11523,20,194,3320,27,349,99,6750,9523
132,10,2,8,271,57,42,3643,3096,387,7,252,131838,37,1060,35002,57,1792,431,53010,9526
133,6,5,6,91,33,23,1279,1148,164,6,55,23092,19,490,6745,33,507,131,0,9522
134,13,4,10,469,75,59,7417,6696,744,8,163,399135,59,2568,131924,75,2085,677,0,9522
135,6,2,6,91,33,27,1030,791,113,6,62,24462,22,241,3850,33,596,138,10560,9522
136,16,5,10,721,93,66,11187,9657,1073,8,211,668712,58,3298,164314,93,4292,1056,0,9538
137,9,3,7,217,51,39,2779,2478,354,6,137,92352,35,449,9625,51,1219,339,10302,9522
138,4,3,8,37,21,15,607,400,50,7,32,7665,16,213,2544,21,316,58,2982,9522
139,9,5,2,217,51,40,1304,894,298,2,70,38160,40,723,19720,51,707,309,0,9524
140,9,2,7,217,51,37,2046,1506,251,5,104,68006,33,457,11451,51,1362,336,35190,9523
141,3,4,9,19,15,11,303,198,22,8,24,2277,8,90,304,15,189,35,735,9522
142,5,2,1,61,27,25,281,166,83,1,55,4275,18,85,522,27,207,100,189,9522
143,15,4,5,631,87,53,6739,5760,960,5,199,314979,58,1727,81142,87,2961,928,0,9522
144,5,1,6,61,27,21,712,525,75,6,65,13587,14,266,3402,27,407,109,8046,9522
145,12,2,7,397,69,52,4997,4067,581,6,210,238004,48,1007,42096,69,1982,583,56304,9523
146,5,2,1,61,27,21,260,130,65,1,44,3612,13,148,1456,27,231,96,1053,9526
147,15,4,8,631,87,58,7130,5992,749,7,231,359948,53,1552,64660,87,3230,1009,0,9526
148,7,4,8,127,39,27,2284,2106,234,8,78,53244,30,495,9210,39,1085,200,11115,9522
149,10,3,2,271,57,43,1636,1161,387,2,131,53449,42,542,14700,57,1152,417,0,9523
150,17,2,3,817,99,75,4421,3264,1088,2,263,292125,68,1299,74052,99,2583,1237,10791,9523
151,14,2,6,547,81,60,5552,4374,729,5,241,304200,57,1767,92511,81,2503,843,66177,9523
152,3,2,2,19,15,15,113,48,16,2,18,1155,10,60,260,15,79,25,435,9522
153,18,2,9,919,105,80,13467,11976,1497,7,305,1028560,77,3411,244629,105,4287,1463,142905,9526
154,6,1,5,91,33,28,947,750,125,5,91,23968,25,355,7750,33,512,145,12111,9522
155,6,2,5,91,33,23,1079,726,121,5,68,21689,22,224,3608,33,389,129,4323,9522
156,4,1,3,37,21,21,271,148,37,3,42,4809,15,167,2295,21,210,56,3234,9522
157,5,5,7,61,27,20,899,760,95,7,59,12080,21,259,2499,27,429,88,0,9525
158,3,3,8,19,15,11,317,270,30,8,26,2629,10,104,590,15,158,32,930,9521
159,15,3,1,631,87,65,2494,1152,576,1,168,129350,61,1411,68503,87,1804,978,0,9526
160,7,2,2,127,39,30,775,315,105,2,80,18450,27,365,7641,39,648,182,11076,9523
161,14,1,8,547,81,66,7236,6112,764,7,185,465366,59,2496,142898,81,3839,824,244215,9523
162,9,1,7,217,51,40,2963,2560,320,7,113,114000,35,554,17640,51,1187,326,43911,9523
163,11,5,7,331,63,44,3754,3432,572,5,114,140096,52,1550,59280,63,1649,511,0,9522
164,14,1,8,547,81,57,9790,9090,1010,8,229,544977,54,1271,64098,81,2823,821,162162,9523
165,12,1,4,397,69,48,3047,2584,646,3,150,139056,53,763,36729,69,1288,578,48990,9524
166,12,1,5,397,69,56,4153,3755,751,4,202,221256,50,823,37500,69,1913,581,91908,9522
167,3,4,8,19,15,9,308,270,30,8,21,2016,7,93,343,15,201,33,1035,9522
168,5,3,7,61,27,22,786,640,80,7,47,14190,18,382,5634,27,407,98,3051,9524
169,9,3,8,217,51,42,3391,3015,335,8,130,126042,35,359,7000,51,1332,316,19584,9524
170,7,4,1,127,39,26,543,334,167,1,65,7358,24,204,1920,39,411,208,0,9527
171,18,4,2,919,105,75,3159,1188,594,1,175,184425,68,1910,100776,105,2970,1352,0,9522
172,8,1,6,169,45,29,1871,1602,267,5,106,51185,30,568,15540,45,896,257,28755,9522
173,12,4,4,397,69,46,4275,3905,781,4,115,175490,49,1051,37583,69,1669,557,0,9527
174,13,5,7,469,75,53,5992,5390,770,6,158,275706,47,1300,45120,75,2888,717,0,9523
175,15,3,5,631,87,67,7286,6660,1110,5,185,450977,62,2540,141298,87,3262,915,44979,9524
176,10,1,2,271,57,41,1580,852,284,2,113,60147,41,645,24067,57,1036,416,35340,9521
177,3,3,5,19,15,13,200,126,21,5,19,1859,12,82,480,15,132,27,765,9523
178,5,4,4,61,27,19,619,305,61,4,53,7733,21,306,3318,27,299,91,0,9521
179,9,3,3,217,51,40,1561,1160,290,3,111,49120,40,671,19520,51,861,339,0,9522
180,12,1,9,397,69,53,7236,6620,662,9,164,374816,56,1685,89432,69,3472,588,198996,9522
181,10,4,7,271,57,43,3468,3072,384,7,101,131752,39,467,8853,57,1527,401,0,9525
182,17,1,6,817,99,71,7796,5910,1182,4,256,535340,62,1535,89404,99,4623,1196,339273,9522
183,10,4,9,271,57,45,4933,4230,423,9,119,200565,41,1444,50840,57,1995,391,24567,9525
184,14,3,10,547,81,59,8566,7776,864,8,207,468755,56,1770,84168,81,2975,821,41472,9523
185,10,5,3,271,57,45,2059,1732,433,3,110,67905,45,650,16200,57,942,421,0,9524
186,8,1,2,169,45,37,1050,564,188,2,114,34632,31,262,7068,45,581,242,15255,9522
187,20,4,10,1141,117,89,16725,14602,2086,6,332,1370333,84,3895,280812,117,6331,1685,0,9526
188,15,4,3,631,87,70,4793,3248,812,3,203,278670,64,1448,71680,87,3237,900,0,9521
189,5,2,2,61,27,23,402,246,82,2,48,7038,15,91,855,27,266,109,1296,9522
190,10,2,8,271,57,44,4718,4419,491,8,143,195008,38,842,27892,57,2347,403,87837,9522
191,4,1,7,37,21,17,501,416,52,7,35,7922,15,214,2910,21,292,45,5187,9522
192,5,2,4,61,27,22,606,445,89,4,58,10780,24,312,5664,27,276,98,2160,9521
193,8,2,8,169,45,32,2504,1926,214,8,130,71808,37,609,18685,45,1116,262,26640,9522
194,7,1,2,127,39,29,885,534,178,2,108,22533,29,337,8700,39,499,193,11934,9523
195,6,2,3,91,33,27,693,428,107,3,54,15795,27,212,4050,33,458,129,6600,9523
196,11,2,6,331,63,45,2695,1974,329,5,131,109485,39,719,23283,63,1334,491,22176,9523
197,14,3,10,547,81,59,10597,9383,853,10,228,584867,53,2305,109604,81,2906,802,40500,9522
198,9,1,10,217,51,36,3793,3528,392,8,111,132552,36,842,28584,51,1283,330,48603,9522
199,7,1,10,127,39,34,2304,2020,202,9,95,75106,31,690,20181,39,870,159,27729,9526
200,12,4,7,397,69,48,4714,3934,562,6,194,189024,48,896,28800,69,2259,591,0,9522
201,8,3,10,169,45,31,3274,3050,305,9,94,92752,33,533,12936,45,1437,243,31860,9522
202,7,2,8,127,39,32,1880,1608,201,7,96,54016,29,399,9425,39,697,194,12051,9521
203,17,3,10,817,99,78,13806,12330,1233,9,279,1011582,66,1554,86724,99,5600,1225,190575,9524
204,14,3,6,547,81,59,7366,6503,929,6,202,398840,58,2213,113042,81,2016,814,0,9523
205,20,2,2,1141,117,85,6735,4893,1631,2,315,518925,77,2671,186109,117,4026,1671,80028,9527
206,14,2,7,547,81,62,7309,6657,951,6,193,429226,58,2349,125570,81,3624,797,164430,9522
207,14,1,7,547,81,64,5919,5070,845,5,219,364800,61,1217,68320,81,2433,791,133002,9524
208,20,2,2,1141,117,87,6347,5028,1676,2,316,497205,81,3306,248832,117,3992,1716,65520,9523
209,10,3,1,271,57,45,1229,530,265,1,129,37890,44,412,10604,57,823,380,0,9523
210,3,4,3,19,15,11,134,104,26,3,16,770,11,71,165,15,127,30,105,9522
211,15,1,7,631,87,66,9903,9232,1154,7,211,639672,54,1640,84834,87,4360,973,294669,9523
212,18,2,3,919,105,69,5857,4983,1661,2,273,366459,69,1954,121440,105,3156,1380,41580,9524
213,12,1,2,397,69,55,2262,1257,419,2,162,115500,54,1211,61128,69,1956,575,95289,9523
214,19,1,1,1027,111,77,4445,1844,922,1,312,318241,73,2390,166367,111,2982,1508,163614,9523
215,6,3,10,91,33,33,1532,900,90,9,78,42834,24,423,7992,33,821,132,14025,9522
216,5,2,2,61,27,25,424,243,81,2,54,7900,20,172,2640,27,278,103,1944,9521
217,5,2,8,61,27,25,892,728,91,7,48,19900,21,552,10542,27,550,83,10368,9524
218,17,5,6,817,99,76,9331,7938,1134,6,269,606936,76,2429,143944,99,3482,1247,0,9522
219,14,3,7,547,81,63,7159,6251,893,6,161,420588,52,2001,92664,81,3252,801,68769,9523
220,16,5,7,721,93,72,6499,4960,992,4,261,373968,70,2333,123060,93,3597,1088,0,9523
221,4,5,10,37,21,15,765,704,64,10,25,9600,13,163,949,21,441,60,2961,9522
222,10,3,4,271,57,42,1974,1528,382,3,144,64764,36,545,13572,57,1216,423,0,9522
223,13,1,7,469,75,52,6811,5224,653,7,233,342056,51,935,44268,75,2777,661,158700,9522
224,18,3,1,919,105,82,3885,2024,1012,1,212,266418,66,1680,90090,105,2614,1390,0,9522
225,4,1,8,37,21,16,648,558,62,8,35,9808,17,264,4148,21,293,53,5040,9522
226,20,1,9,1141,117,90,13568,11186,1598,6,390,1186020,82,2679,209182,117,4858,1766,361764,9522
227,16,5,5,721,93,70,7150,6120,1224,4,213,425950,58,1103,39614,93,3401,1089,0,9523
228,18,5,5,919,105,83,7377,4792,1198,3,267,501486,78,2669,158262,105,3796,1372,0,9523
229,9,4,5,217,51,39,1983,1635,327,4,123,58149,35,621,14315,51,813,327,0,9522
230,17,2,8,817,99,72,11540,7672,959,7,290,789120,70,2849,183050,99,4102,1241,160380,9524
231,16,3,1,721,93,70,3167,1030,515,1,179,184100,57,1791,87039,93,2088,1092,0,9522
232,16,1,1,721,93,82,2968,938,469,1,210,226156,69,1494,96600,93,2025,1087,87234,9523
233,6,4,9,91,33,28,1724,1512,168,8,73,40096,27,457,8235,33,703,130,6039,9524
234,17,4,4,817,99,68,7968,5960,1192,4,267,469200,62,2780,151528,99,3651,1220,0,9524
235,7,4,4,127,39,28,1131,510,102,4,68,24052,26,291,3926,39,595,196,0,9523
236,10,4,10,271,57,48,4588,4120,412,9,155,190464,44,970,31592,57,1961,423,15333,9522
237,8,2,9,169,45,35,2698,2421,269,8,99,87500,30,673,17850,45,1151,254,28935,9522
238,14,5,7,547,81,63,5051,3252,542,5,167,265608,58,1662,72326,81,3309,807,0,9523
239,17,2,3,817,99,66,6212,5164,1291,3,232,379368,62,2496,143344,99,3179,1210,75141,9523
240,13,2,3,469,75,64,2580,990,330,2,141,147072,61,1365,73505,75,1434,702,2250,9522
241,15,1,1,631,87,68,2837,1660,830,1,193,179792,62,1460,84878,87,2005,909,95352,9523
242,5,1,6,61,27,19,826,714,102,6,52,14706,15,104,1170,27,342,100,6534,9524
243,13,1,10,469,75,63,7691,6804,756,8,209,471366,52,2202,109980,75,3047,714,174975,9522
244,20,5,9,1141,117,85,20752,18740,1874,9,384,1600720,80,2493,150240,117,5468,1741,0,9523
245,8,5,3,169,45,28,1354,764,191,3,75,27412,31,586,10106,45,807,261,0,9522
246,18,4,4,919,105,86,8871,7945,1589,4,266,671402,77,2619,168707,105,4017,1390,0,9524
247,14,5,7,547,81,60,6160,5490,915,5,173,317700,56,1116,44576,81,2836,790,0,9522
248,10,2,9,271,57,43,4734,4374,486,8,117,193500,38,1826,64904,57,1675,391,50901,9522
249,4,5,1,37,21,10,144,108,54,1,17,590,13,66,0,21,121,42,0,9522
250,10,4,1,271,57,41,1080,464,232,1,82,30832,35,330,3570,57,913,393,0,9521
